Term,Overlap,P_value,Adjusted_P_value,Old_P_value,Old_Adjusted_P_value,Odds_Ratio,Combined_Score,Genes
Hematopoietic cell lineage,11/97,3.004667225987695e-5,0.0092543750560421,0,0,4.545172819866537,47.327787564989926,IL11;ITGAM;CR1;ITGA2;ITGA1;CD1E;CD1D;CD36;CD1C;CD1A;HLA-DPA1
Malaria,7/49,2.0007343213740842e-4,0.030811308549160896,0,0,5.72573718866304,48.76510791935979,CR1;KLRK1;LRP1;GYPC;ITGB2;CD36;MET
Cross-presentation of particulate exogenous antigens (phagosomes)_Homo sapiens_R-HSA-1236973,4/8,2.4748366871791384e-5,0.03786500131384082,0,0,20.04008016032064,212.56014140490592,NCF1;NCF4;ITGAV;CD36
Cross-presentation of particulate exogenous antigens (phagosomes)_Homo sapiens_R-HSA-1236973,4/8,2.4748366871791384e-5,0.03786500131384082,0,0,20.04008016032064,212.56014140490592,NCF1;NCF4;ITGAV;CD36
